date,unit_nav,accum_nav
2022-11-03 16:00:00,1.0,0.0
2022-11-09 16:00:00,0.9926,0.0
2022-11-10 16:00:00,1.0013,0.88
2022-11-13 16:00:00,0.9904,-1.09
2022-11-14 16:00:00,1.0057,1.54
2022-11-15 16:00:00,1.0075,0.18
2022-11-16 16:00:00,1.001,-0.65
2022-11-17 16:00:00,1.0004,-0.06
2022-11-20 16:00:00,1.0037,0.33
2022-11-21 16:00:00,1.006,0.23
2022-11-22 16:00:00,1.0195,1.34
2022-11-23 16:00:00,1.0183,-0.12
2022-11-24 16:00:00,1.0216,0.32
2022-11-27 16:00:00,1.0264,0.47
2022-11-28 16:00:00,1.0226,-0.37
2022-11-29 16:00:00,1.025,0.23
2022-11-30 16:00:00,1.0233,-0.17
2022-12-01 16:00:00,1.0257,0.23
2022-12-04 16:00:00,1.0363,1.03
2022-12-05 16:00:00,1.025,-1.09
2022-12-06 16:00:00,1.0146,-1.01
2022-12-07 16:00:00,1.0096,-0.49
2022-12-08 16:00:00,1.0016,-0.79
2022-12-11 16:00:00,0.9872,-1.44
2022-12-12 16:00:00,0.9875,0.03
2022-12-13 16:00:00,0.9836,-0.39
2022-12-14 16:00:00,0.9851,0.15
2022-12-15 16:00:00,0.9857,0.06
2022-12-18 16:00:00,0.9654,-2.06
2022-12-19 16:00:00,0.9685,0.32
2022-12-20 16:00:00,0.9604,-0.84
2022-12-21 16:00:00,0.9471,-1.38
2022-12-22 16:00:00,0.9467,-0.04
2022-12-25 16:00:00,0.9612,1.53
2022-12-26 16:00:00,0.967,0.6
2022-12-27 16:00:00,0.9874,2.11
2022-12-28 16:00:00,0.9797,-0.78
2022-12-29 16:00:00,0.9897,1.02
2022-12-30 16:00:00,0.9895,-0.02
2023-01-02 16:00:00,1.0081,1.86
2023-01-03 16:00:00,1.0054,-0.27
2023-01-04 16:00:00,1.0084,0.3
2023-01-05 16:00:00,1.0144,0.6
2023-01-08 16:00:00,1.0048,-0.95
2023-01-09 16:00:00,0.9992,-0.56
2023-01-10 16:00:00,0.9917,-0.75
2023-01-11 16:00:00,0.9926,0.09
2023-01-12 16:00:00,0.9912,-0.14
2023-01-15 16:00:00,0.9956,0.44
2023-01-16 16:00:00,0.9917,-0.39
2023-01-17 16:00:00,0.9929,0.12
2023-01-18 16:00:00,0.9888,-0.41
2023-01-19 16:00:00,1.0014,1.27
2023-01-29 16:00:00,0.9976,-0.38
2023-01-30 16:00:00,0.9999,0.23
2023-01-31 16:00:00,1.0061,0.62
2023-02-01 16:00:00,1.0041,-0.2
2023-02-02 16:00:00,0.9985,-0.56
2023-02-05 16:00:00,0.9997,0.12
2023-02-06 16:00:00,1.0074,0.77
2023-02-07 16:00:00,1.0057,-0.17
2023-02-08 16:00:00,1.0106,0.49
2023-02-09 16:00:00,1.0138,0.32
2023-02-12 16:00:00,1.0109,-0.29
2023-02-13 16:00:00,1.0138,0.29
2023-02-14 16:00:00,1.0086,-0.51
2023-02-15 16:00:00,0.9924,-1.61
2023-02-16 16:00:00,0.9863,-0.61
2023-02-19 16:00:00,0.9956,0.94
2023-02-20 16:00:00,1.0015,0.59
2023-02-21 16:00:00,0.998,-0.35
2023-02-22 16:00:00,0.996,-0.2
2023-02-23 16:00:00,0.9933,-0.27
2023-02-26 16:00:00,0.993,-0.03
2023-02-27 16:00:00,1.0016,0.87
2023-02-28 16:00:00,1.0075,0.59
2023-03-01 16:00:00,1.0085,0.1
2023-03-02 16:00:00,1.0167,0.81
2023-03-05 16:00:00,1.0191,0.24
2023-03-06 16:00:00,1.0107,-0.82
2023-03-07 16:00:00,1.0085,-0.22
2023-03-08 16:00:00,1.0047,-0.38
2023-03-09 16:00:00,0.9963,-0.84
2023-03-12 16:00:00,1.0007,0.44
2023-03-13 16:00:00,1.0004,-0.03
2023-03-14 16:00:00,1.0107,1.03
2023-03-15 16:00:00,0.9989,-1.17
2023-03-16 16:00:00,1.002,0.31
2023-03-19 16:00:00,0.995,-0.7
2023-03-20 16:00:00,0.9956,0.06
2023-03-21 16:00:00,0.9979,0.23
2023-03-22 16:00:00,0.9975,-0.04
2023-03-23 16:00:00,0.9935,-0.4
2023-03-26 16:00:00,0.9844,-0.92
2023-03-27 16:00:00,0.9803,-0.42
2023-03-28 16:00:00,0.9794,-0.09
2023-03-29 16:00:00,0.986,0.67
2023-03-30 16:00:00,0.9873,0.13
2023-04-02 16:00:00,0.9879,0.06
2023-04-03 16:00:00,0.9896,0.17
2023-04-05 16:00:00,0.9857,-0.39
2023-04-06 16:00:00,0.9873,0.16
2023-04-09 16:00:00,1.0011,1.4
2023-04-10 16:00:00,0.9983,-0.28
2023-04-11 16:00:00,0.9992,0.09
2023-04-12 16:00:00,1.0009,0.17
2023-04-13 16:00:00,1.0087,0.78
2023-04-16 16:00:00,1.0162,0.74
2023-04-17 16:00:00,1.0111,-0.5
2023-04-18 16:00:00,1.0075,-0.36
2023-04-19 16:00:00,1.0039,-0.36
2023-04-20 16:00:00,0.9904,-1.34
2023-04-23 16:00:00,0.9893,-0.11
2023-04-24 16:00:00,0.9844,-0.5
2023-04-25 16:00:00,0.9982,1.4
2023-04-26 16:00:00,1.0033,0.51
2023-04-27 16:00:00,1.0075,0.42
2023-05-03 16:00:00,1.0301,2.24
2023-05-04 16:00:00,1.0254,-0.46
2023-05-07 16:00:00,1.0356,0.99
2023-05-08 16:00:00,1.0267,-0.86
2023-05-09 16:00:00,1.0245,-0.21
2023-05-10 16:00:00,1.0353,1.05
2023-05-11 16:00:00,1.0376,0.22
2023-05-14 16:00:00,1.0362,-0.13
2023-05-15 16:00:00,1.035,-0.12
2023-05-16 16:00:00,1.0405,0.53
2023-05-17 16:00:00,1.0371,-0.33
2023-05-18 16:00:00,1.0253,-1.14
2023-05-21 16:00:00,1.0472,2.14
2023-05-22 16:00:00,1.0315,-1.5
2023-05-23 16:00:00,1.0232,-0.8
2023-05-24 16:00:00,1.0344,1.09
2023-05-25 16:00:00,1.0335,-0.09
2023-05-28 16:00:00,1.0503,1.63
2023-05-29 16:00:00,1.0488,-0.14
2023-05-30 16:00:00,1.0396,-0.88
2023-05-31 16:00:00,1.0299,-0.93
2023-06-01 16:00:00,1.0341,0.41
2023-06-04 16:00:00,1.033,-0.11
2023-06-05 16:00:00,1.0111,-2.12
2023-06-06 16:00:00,1.0071,-0.4
2023-06-07 16:00:00,1.0136,0.65
2023-06-08 16:00:00,1.0303,1.65
2023-06-11 16:00:00,1.015,-1.49
2023-06-12 16:00:00,1.0108,-0.41
2023-06-13 16:00:00,1.0008,-0.99
2023-06-14 16:00:00,1.0098,0.9
2023-06-15 16:00:00,1.0076,-0.22
2023-06-18 16:00:00,1.0099,0.23
2023-06-19 16:00:00,1.006,-0.39
2023-06-20 16:00:00,1.0056,-0.04
2023-06-25 16:00:00,1.0197,1.4
2023-06-26 16:00:00,1.0192,-0.05
2023-06-27 16:00:00,1.0355,1.6
2023-06-28 16:00:00,1.0297,-0.56
2023-06-29 16:00:00,1.0274,-0.22
2023-07-02 16:00:00,1.0362,0.86
2023-07-03 16:00:00,1.0293,-0.67
2023-07-04 16:00:00,1.0275,-0.17
2023-07-05 16:00:00,1.0257,-0.18
2023-07-06 16:00:00,1.0298,0.4
2023-07-09 16:00:00,1.0351,0.51
2023-07-10 16:00:00,1.0332,-0.18
2023-07-11 16:00:00,1.0306,-0.25
2023-07-12 16:00:00,1.036,0.52
2023-07-13 16:00:00,1.0293,-0.65
2023-07-16 16:00:00,1.0286,-0.07
2023-07-17 16:00:00,1.0231,-0.53
2023-07-18 16:00:00,1.0216,-0.15
2023-07-19 16:00:00,1.0132,-0.82
2023-07-20 16:00:00,1.0136,0.04
2023-07-23 16:00:00,1.014,0.04
2023-07-24 16:00:00,1.0124,-0.16
2023-07-25 16:00:00,1.0129,0.05
2023-07-26 16:00:00,1.0088,-0.4
2023-07-27 16:00:00,1.0156,0.67
2023-07-30 16:00:00,1.0227,0.7
2023-07-31 16:00:00,1.0329,1.0
2023-08-01 16:00:00,1.0256,-0.71
2023-08-02 16:00:00,1.0315,0.58
2023-08-03 16:00:00,1.0298,-0.16
2023-08-06 16:00:00,1.0318,0.19
2023-08-07 16:00:00,1.0282,-0.35
2023-08-08 16:00:00,1.0187,-0.92
2023-08-09 16:00:00,1.0229,0.41
2023-08-10 16:00:00,1.0068,-1.57
2023-08-13 16:00:00,1.0098,0.3
2023-08-14 16:00:00,1.0139,0.41
2023-08-15 16:00:00,1.0076,-0.62
2023-08-16 16:00:00,1.009,0.14
2023-08-17 16:00:00,1.004,-0.5
2023-08-20 16:00:00,0.9955,-0.85
2023-08-21 16:00:00,0.9949,-0.06
2023-08-22 16:00:00,0.9836,-1.14
2023-08-23 16:00:00,0.9734,-1.04
2023-08-24 16:00:00,0.9786,0.53
2023-08-27 16:00:00,0.9803,0.17
2023-08-28 16:00:00,0.9846,0.44
2023-08-29 16:00:00,0.9804,-0.43
2023-08-30 16:00:00,0.982,0.16
2023-08-31 16:00:00,0.9798,-0.22
2023-09-03 16:00:00,0.9853,0.56
2023-09-04 16:00:00,0.9909,0.57
2023-09-05 16:00:00,0.9859,-0.5
2023-09-06 16:00:00,0.9754,-1.07
2023-09-07 16:00:00,0.9816,0.64
2023-09-10 16:00:00,0.9872,0.57
2023-09-11 16:00:00,0.9905,0.33
2023-09-12 16:00:00,0.9891,-0.14
2023-09-13 16:00:00,0.9963,0.73
2023-09-14 16:00:00,0.9863,-1.0
2023-09-17 16:00:00,0.9855,-0.08
2023-09-18 16:00:00,0.9849,-0.06
2023-09-19 16:00:00,0.9764,-0.86
2023-09-20 16:00:00,0.9693,-0.73
2023-09-21 16:00:00,0.9723,0.31
2023-09-24 16:00:00,0.9692,-0.32
2023-09-25 16:00:00,0.9672,-0.21
2023-09-26 16:00:00,0.9684,0.12
2023-09-27 16:00:00,0.9708,0.25
2023-10-08 16:00:00,0.9759,0.53
2023-10-09 16:00:00,0.9723,-0.37
2023-10-10 16:00:00,0.9683,-0.41
2023-10-11 16:00:00,0.9776,0.96
2023-10-12 16:00:00,0.9732,-0.45
2023-10-15 16:00:00,0.9718,-0.14
2023-10-16 16:00:00,0.9781,0.65
2023-10-17 16:00:00,0.9654,-1.3
2023-10-18 16:00:00,0.9527,-1.32
2023-10-19 16:00:00,0.9539,0.13
2023-10-22 16:00:00,0.9331,-2.18
2023-10-23 16:00:00,0.9436,1.13
2023-10-24 16:00:00,0.9438,0.02
2023-10-25 16:00:00,0.9562,1.31
2023-10-26 16:00:00,0.9628,0.69
2023-10-29 16:00:00,0.9645,0.18
2023-10-30 16:00:00,0.965,0.05
2023-10-31 16:00:00,0.9679,0.3
2023-11-01 16:00:00,0.965,-0.3
2023-11-02 16:00:00,0.9674,0.25
2023-11-05 16:00:00,0.9623,-0.53
2023-11-06 16:00:00,0.9606,-0.18
2023-11-07 16:00:00,0.9575,-0.32
2023-11-08 16:00:00,0.9612,0.39
2023-11-09 16:00:00,0.9623,0.11
2023-11-12 16:00:00,0.9617,-0.06
2023-11-13 16:00:00,0.9624,0.07
2023-11-14 16:00:00,0.9693,0.72
2023-11-15 16:00:00,0.965,-0.44
2023-11-16 16:00:00,0.9654,0.04
2023-11-19 16:00:00,0.9661,0.07
2023-11-20 16:00:00,0.9631,-0.31
2023-11-21 16:00:00,0.9577,-0.56
2023-11-22 16:00:00,0.9598,0.22
2023-11-23 16:00:00,0.9552,-0.48
2023-11-26 16:00:00,0.9537,-0.16
2023-11-27 16:00:00,0.9554,0.18
2023-11-28 16:00:00,0.9507,-0.49
2023-11-29 16:00:00,0.9577,0.74
2023-11-30 16:00:00,0.9601,0.25
2023-12-03 16:00:00,0.9594,-0.07
2023-12-04 16:00:00,0.9522,-0.75
2023-12-05 16:00:00,0.9515,-0.07
2023-12-06 16:00:00,0.9517,0.02
2023-12-07 16:00:00,0.9566,0.51
2023-12-10 16:00:00,0.9644,0.82
2023-12-11 16:00:00,0.969,0.48
2023-12-12 16:00:00,0.966,-0.31
2023-12-13 16:00:00,0.9662,0.02
2023-12-14 16:00:00,0.9582,-0.83
2023-12-17 16:00:00,0.9557,-0.26
2023-12-18 16:00:00,0.9516,-0.43
2023-12-19 16:00:00,0.9511,-0.05
2023-12-20 16:00:00,0.9537,0.27
2023-12-21 16:00:00,0.9538,0.01
2023-12-24 16:00:00,0.9557,0.2
2023-12-25 16:00:00,0.9543,-0.15
2023-12-26 16:00:00,0.9585,0.44
2023-12-27 16:00:00,0.962,0.37
2023-12-28 16:00:00,0.9642,0.23
2023-12-30 16:00:00,0.964,-0.02
2024-01-01 16:00:00,0.976,1.24
2024-01-02 16:00:00,0.9872,1.15
2024-01-03 16:00:00,0.9841,-0.31
2024-01-04 16:00:00,0.9771,-0.71
2024-01-07 16:00:00,0.9672,-1.01
2024-01-08 16:00:00,0.9698,0.27
2024-01-09 16:00:00,0.9661,-0.38
2024-01-10 16:00:00,0.9641,-0.21
2024-01-11 16:00:00,0.974,1.03
2024-01-14 16:00:00,0.9711,-0.3
2024-01-15 16:00:00,0.9697,-0.14
2024-01-16 16:00:00,0.9553,-1.48
2024-01-17 16:00:00,0.9485,-0.71
2024-01-18 16:00:00,0.9412,-0.77
2024-01-21 16:00:00,0.9135,-2.94
2024-01-22 16:00:00,0.9225,0.99
2024-01-23 16:00:00,0.9414,2.05
2024-01-24 16:00:00,0.9662,2.63
2024-01-25 16:00:00,0.9701,0.4
2024-01-28 16:00:00,0.9684,-0.18
2024-01-29 16:00:00,0.9598,-0.89
2024-01-30 16:00:00,0.9553,-0.47
2024-01-31 16:00:00,0.9442,-1.16
2024-02-01 16:00:00,0.9366,-0.8
2024-02-04 16:00:00,0.9251,-1.23
2024-02-05 16:00:00,0.948,2.48
2024-02-06 16:00:00,0.9606,1.33
2024-02-07 16:00:00,0.9686,0.83
2024-02-18 16:00:00,0.9865,1.85
2024-02-19 16:00:00,0.992,0.56
2024-02-20 16:00:00,0.9861,-0.59
2024-02-21 16:00:00,0.9942,0.82
2024-02-22 16:00:00,0.9994,0.52
2024-02-25 16:00:00,0.9802,-1.92
2024-02-26 16:00:00,0.9861,0.6
2024-02-27 16:00:00,0.9846,-0.15
2024-02-28 16:00:00,0.9945,1.01
2024-02-29 16:00:00,0.9931,-0.14
2024-03-03 16:00:00,1.0097,1.67
2024-03-04 16:00:00,1.014,0.43
2024-03-05 16:00:00,1.022,0.79
2024-03-06 16:00:00,1.0235,0.15
2024-03-07 16:00:00,1.0354,1.16
2024-03-10 16:00:00,1.0357,0.03
2024-03-11 16:00:00,1.0104,-2.44
2024-03-12 16:00:00,1.0145,0.41
2024-03-13 16:00:00,1.0122,-0.23
2024-03-14 16:00:00,1.0156,0.34
2024-03-17 16:00:00,1.0231,0.74
2024-03-18 16:00:00,1.0133,-0.96
2024-03-19 16:00:00,1.0179,0.45
2024-03-20 16:00:00,1.0146,-0.32
2024-03-21 16:00:00,1.0104,-0.41
2024-03-24 16:00:00,1.0067,-0.37
2024-03-25 16:00:00,1.013,0.63
2024-03-26 16:00:00,1.0036,-0.93
2024-03-27 16:00:00,1.0095,0.59
2024-03-28 16:00:00,1.0217,1.21
2024-03-31 16:00:00,1.0196,-0.21
2024-04-01 16:00:00,1.0245,0.48
2024-04-02 16:00:00,1.0217,-0.27
2024-04-07 16:00:00,1.0462,2.4
2024-04-08 16:00:00,1.0425,-0.35
2024-04-09 16:00:00,1.0481,0.54
2024-04-10 16:00:00,1.0528,0.45
2024-04-11 16:00:00,1.0435,-0.88
2024-04-14 16:00:00,1.0564,1.24
2024-04-15 16:00:00,1.0385,-1.69
2024-04-16 16:00:00,1.0565,1.73
2024-04-17 16:00:00,1.0458,-1.01
2024-04-18 16:00:00,1.0408,-0.48
2024-04-21 16:00:00,1.0338,-0.67
2024-04-22 16:00:00,1.0189,-1.44
2024-04-23 16:00:00,1.0335,1.43
2024-04-24 16:00:00,1.0287,-0.46
2024-04-25 16:00:00,1.0303,0.16
2024-04-28 16:00:00,1.0355,0.5
2024-04-29 16:00:00,1.0414,0.57
2024-05-05 16:00:00,1.052,1.02
2024-05-06 16:00:00,1.0426,-0.89
2024-05-07 16:00:00,1.0403,-0.22
2024-05-08 16:00:00,1.0451,0.46
2024-05-09 16:00:00,1.0579,1.22
2024-05-12 16:00:00,1.071,1.24
2024-05-13 16:00:00,1.071,0.0
2024-05-14 16:00:00,1.0522,-1.76
2024-05-15 16:00:00,1.0436,-0.82
2024-05-16 16:00:00,1.0515,0.76
2024-05-19 16:00:00,1.0652,1.3
2024-05-20 16:00:00,1.0608,-0.41
2024-05-21 16:00:00,1.0626,0.17
2024-05-22 16:00:00,1.0523,-0.97
2024-05-23 16:00:00,1.0719,1.86
2024-05-26 16:00:00,1.0832,1.05
2024-05-27 16:00:00,1.1009,1.63
2024-05-28 16:00:00,1.1008,-0.01
2024-05-29 16:00:00,1.0878,-1.18
2024-05-30 16:00:00,1.0813,-0.6
2024-06-02 16:00:00,1.0849,0.33
2024-06-03 16:00:00,1.0976,1.17
2024-06-04 16:00:00,1.0937,-0.36
2024-06-05 16:00:00,1.0915,-0.2
2024-06-06 16:00:00,1.1077,1.48
2024-06-10 16:00:00,1.0995,-0.74
2024-06-11 16:00:00,1.1054,0.54
2024-06-12 16:00:00,1.1096,0.38
2024-06-13 16:00:00,1.0936,-1.44
2024-06-16 16:00:00,1.0824,-1.02
2024-06-17 16:00:00,1.0809,-0.14
2024-06-18 16:00:00,1.0738,-0.66
2024-06-19 16:00:00,1.0717,-0.2
2024-06-20 16:00:00,1.0708,-0.08
2024-06-23 16:00:00,1.0724,0.15
2024-06-24 16:00:00,1.0671,-0.49
2024-06-25 16:00:00,1.0717,0.43
2024-06-26 16:00:00,1.0634,-0.77
2024-06-27 16:00:00,1.0845,1.98
2024-06-29 16:00:00,1.0844,-0.01
2024-06-30 16:00:00,1.1081,2.19
2024-07-01 16:00:00,1.1126,0.41
2024-07-02 16:00:00,1.1064,-0.56
2024-07-03 16:00:00,1.1007,-0.52
2024-07-04 16:00:00,1.0965,-0.38
2024-07-07 16:00:00,1.1077,1.02
2024-07-08 16:00:00,1.1198,1.09
2024-07-09 16:00:00,1.097,-2.04
2024-07-10 16:00:00,1.1078,0.98
2024-07-11 16:00:00,1.0966,-1.01
2024-07-14 16:00:00,1.1007,0.37
2024-07-15 16:00:00,1.1066,0.54
2024-07-16 16:00:00,1.0913,-1.38
2024-07-17 16:00:00,1.1058,1.33
2024-07-18 16:00:00,1.1085,0.24
2024-07-21 16:00:00,1.1016,-0.62
2024-07-22 16:00:00,1.098,-0.33
2024-07-23 16:00:00,1.1171,1.74
2024-07-24 16:00:00,1.1159,-0.11
2024-07-25 16:00:00,1.108,-0.71
2024-07-28 16:00:00,1.1096,0.14
2024-07-29 16:00:00,1.0955,-1.27
2024-07-30 16:00:00,1.0875,-0.73
2024-07-31 16:00:00,1.0888,0.12
2024-08-01 16:00:00,1.0826,-0.57
2024-08-04 16:00:00,1.0666,-1.48
2024-08-05 16:00:00,1.0674,0.08
2024-08-06 16:00:00,1.08,1.18
2024-08-07 16:00:00,1.0734,-0.61
2024-08-08 16:00:00,1.0672,-0.58
2024-08-11 16:00:00,1.0646,-0.24
2024-08-12 16:00:00,1.0681,0.33
2024-08-13 16:00:00,1.0779,0.92
2024-08-14 16:00:00,1.0871,0.85
2024-08-15 16:00:00,1.0783,-0.81
2024-08-18 16:00:00,1.0813,0.28
2024-08-19 16:00:00,1.0724,-0.82
2024-08-20 16:00:00,1.0633,-0.85
2024-08-21 16:00:00,1.0721,0.83
2024-08-22 16:00:00,1.0593,-1.19
2024-08-25 16:00:00,1.0585,-0.08
2024-08-26 16:00:00,1.0515,-0.66
2024-08-27 16:00:00,1.0562,0.45
2024-08-28 16:00:00,1.0442,-1.14
2024-08-29 16:00:00,1.0423,-0.18
2024-09-01 16:00:00,1.0404,-0.18
2024-09-02 16:00:00,1.022,-1.77
2024-09-03 16:00:00,1.0183,-0.36
2024-09-04 16:00:00,1.0171,-0.12
2024-09-05 16:00:00,1.0088,-0.82
2024-09-08 16:00:00,1.001,-0.77
2024-09-09 16:00:00,0.9994,-0.16
2024-09-10 16:00:00,0.9725,-2.69
2024-09-11 16:00:00,0.9766,0.42
2024-09-12 16:00:00,0.9763,-0.03
2024-09-17 16:00:00,0.9784,0.22
2024-09-18 16:00:00,0.9832,0.49
2024-09-19 16:00:00,0.9807,-0.25
2024-09-22 16:00:00,0.991,1.05
2024-09-23 16:00:00,1.0219,3.12
2024-09-24 16:00:00,1.0249,0.29
2024-09-25 16:00:00,1.0354,1.02
2024-09-26 16:00:00,1.0557,1.96
2024-09-29 16:00:00,1.1236,6.43
2024-10-07 16:00:00,1.1324,0.78
2024-10-08 16:00:00,1.0655,-5.91
2024-10-09 16:00:00,1.0877,2.08
2024-10-10 16:00:00,1.0687,-1.75
2024-10-13 16:00:00,1.0768,0.76
2024-10-14 16:00:00,1.0558,-1.95
2024-10-15 16:00:00,1.062,0.59
2024-10-16 16:00:00,1.0495,-1.18
2024-10-17 16:00:00,1.0618,1.17
2024-10-20 16:00:00,1.053,-0.83
2024-10-21 16:00:00,1.071,1.71
2024-10-22 16:00:00,1.0825,1.07
2024-10-23 16:00:00,1.0746,-0.73
2024-10-24 16:00:00,1.0741,-0.05
2024-10-27 16:00:00,1.0831,0.84
2024-10-28 16:00:00,1.0742,-0.82
2024-10-29 16:00:00,1.0703,-0.36
2024-10-30 16:00:00,1.0831,1.2
2024-10-31 16:00:00,1.0841,0.09
2024-11-03 16:00:00,1.0843,0.02
2024-11-04 16:00:00,1.093,0.8
2024-11-05 16:00:00,1.0849,-0.74
2024-11-06 16:00:00,1.1005,1.44
2024-11-07 16:00:00,1.0954,-0.46
2024-11-10 16:00:00,1.093,-0.22
2024-11-11 16:00:00,1.0831,-0.91
2024-11-12 16:00:00,1.0885,0.5
2024-11-13 16:00:00,1.0714,-1.57
2024-11-14 16:00:00,1.0605,-1.02
2024-11-17 16:00:00,1.0691,0.81
2024-11-18 16:00:00,1.0711,0.19
2024-11-19 16:00:00,1.0765,0.5
2024-11-20 16:00:00,1.0788,0.21
2024-11-21 16:00:00,1.0519,-2.49
2024-11-24 16:00:00,1.0442,-0.73
2024-11-25 16:00:00,1.0361,-0.78
2024-11-26 16:00:00,1.0473,1.08
2024-11-27 16:00:00,1.0428,-0.43
2024-11-28 16:00:00,1.0468,0.38
2024-12-01 16:00:00,1.063,1.55
2024-12-02 16:00:00,1.0797,1.57
2024-12-03 16:00:00,1.0745,-0.48
2024-12-04 16:00:00,1.0723,-0.2
2024-12-05 16:00:00,1.0802,0.74
2024-12-08 16:00:00,1.0849,0.44
2024-12-09 16:00:00,1.0781,-0.63
2024-12-10 16:00:00,1.085,0.64
2024-12-11 16:00:00,1.0885,0.32
2024-12-12 16:00:00,1.0766,-1.09
2024-12-15 16:00:00,1.0917,1.4
2024-12-16 16:00:00,1.083,-0.8
2024-12-17 16:00:00,1.0894,0.59
2024-12-18 16:00:00,1.0765,-1.18
2024-12-19 16:00:00,1.0703,-0.58
2024-12-22 16:00:00,1.081,1.0
2024-12-23 16:00:00,1.0907,0.9
2024-12-24 16:00:00,1.0868,-0.36
2024-12-25 16:00:00,1.0749,-1.09
2024-12-26 16:00:00,1.0862,1.05
2024-12-29 16:00:00,1.0756,-0.98
2024-12-30 16:00:00,1.0666,-0.84
2025-01-01 16:00:00,1.0389,-2.6
2025-01-02 16:00:00,1.0284,-1.01
2025-01-05 16:00:00,1.0243,-0.4
2025-01-06 16:00:00,1.0209,-0.33
2025-01-07 16:00:00,1.0273,0.63
2025-01-08 16:00:00,1.0138,-1.31
2025-01-09 16:00:00,0.9966,-1.7
2025-01-12 16:00:00,0.9917,-0.49
2025-01-13 16:00:00,1.0087,1.71
2025-01-14 16:00:00,1.0061,-0.26
2025-01-15 16:00:00,1.0077,0.16
2025-01-16 16:00:00,1.0077,0.0
2025-01-19 16:00:00,1.0065,-0.12
2025-01-20 16:00:00,1.004,-0.25
2025-01-21 16:00:00,0.9998,-0.42
2025-01-22 16:00:00,0.9992,-0.06
2025-01-23 16:00:00,0.9998,0.06
2025-01-26 16:00:00,1.0103,1.05
2025-02-04 16:00:00,1.0037,-0.65
2025-02-05 16:00:00,1.0125,0.88
2025-02-06 16:00:00,1.0172,0.46
2025-02-09 16:00:00,1.0173,0.01
2025-02-10 16:00:00,1.0155,-0.18
2025-02-11 16:00:00,1.0175,0.2
2025-02-12 16:00:00,1.0173,-0.02
2025-02-13 16:00:00,1.0177,0.04
2025-02-16 16:00:00,1.0279,1.0
2025-02-17 16:00:00,1.0236,-0.42
2025-02-18 16:00:00,1.0223,-0.13
2025-02-19 16:00:00,1.02,-0.22
2025-02-20 16:00:00,1.0203,0.03
2025-02-23 16:00:00,1.0197,-0.06
2025-02-24 16:00:00,1.0102,-0.93
2025-02-25 16:00:00,1.0186,0.83
2025-02-26 16:00:00,1.0126,-0.59
2025-02-27 16:00:00,1.0035,-0.9
2025-03-02 16:00:00,1.0019,-0.16
2025-03-03 16:00:00,1.0013,-0.06
2025-03-04 16:00:00,1.0034,0.21
2025-03-05 16:00:00,1.0046,0.12
2025-03-06 16:00:00,1.001,-0.36
2025-03-09 16:00:00,0.9992,-0.18
2025-03-10 16:00:00,1.0018,0.26
2025-03-11 16:00:00,1.008,0.62
2025-03-12 16:00:00,1.0145,0.64
2025-03-13 16:00:00,1.0206,0.6
2025-03-16 16:00:00,1.0194,-0.12
2025-03-17 16:00:00,1.0166,-0.27
2025-03-18 16:00:00,1.0297,1.29
2025-03-19 16:00:00,1.0277,-0.19
2025-03-20 16:00:00,1.0256,-0.2
2025-03-23 16:00:00,1.0264,0.08
2025-03-24 16:00:00,1.0399,1.32
2025-03-25 16:00:00,1.0353,-0.44
2025-03-26 16:00:00,1.0235,-1.14
2025-03-27 16:00:00,1.0199,-0.35
2025-03-30 16:00:00,1.0219,0.2
2025-03-31 16:00:00,1.0391,1.68
2025-04-01 16:00:00,1.0324,-0.64
2025-04-02 16:00:00,1.0476,1.47
2025-04-06 16:00:00,0.9958,-4.94
2025-04-07 16:00:00,1.0201,2.44
2025-04-08 16:00:00,1.0247,0.45
2025-04-09 16:00:00,1.027,0.22
2025-04-10 16:00:00,1.0199,-0.69
2025-04-13 16:00:00,1.0328,1.26
2025-04-14 16:00:00,1.0367,0.38
2025-04-15 16:00:00,1.0382,0.14
2025-04-16 16:00:00,1.0358,-0.23
2025-04-17 16:00:00,1.031,-0.46
2025-04-20 16:00:00,1.0352,0.41
2025-04-21 16:00:00,1.0351,-0.01
2025-04-22 16:00:00,1.0294,-0.55
2025-04-23 16:00:00,1.038,0.84
2025-04-24 16:00:00,1.05,1.16
2025-04-27 16:00:00,1.0539,0.37
2025-04-28 16:00:00,1.037,-1.6
2025-04-29 16:00:00,1.0297,-0.7
2025-05-05 16:00:00,1.0387,0.87
2025-05-06 16:00:00,1.0424,0.36
2025-05-07 16:00:00,1.0457,0.32
2025-05-08 16:00:00,1.049,0.32
2025-05-11 16:00:00,1.0459,-0.3
2025-05-12 16:00:00,1.0505,0.44
2025-05-13 16:00:00,1.0547,0.4
2025-05-14 16:00:00,1.0552,0.05
2025-05-15 16:00:00,1.0502,-0.47
2025-05-18 16:00:00,1.0587,0.81
2025-05-19 16:00:00,1.0694,1.01
2025-05-20 16:00:00,1.073,0.34
2025-05-21 16:00:00,1.0652,-0.73
2025-05-22 16:00:00,1.0533,-1.12
2025-05-25 16:00:00,1.0613,0.76
2025-05-26 16:00:00,1.0595,-0.17
2025-05-27 16:00:00,1.0557,-0.36
2025-05-28 16:00:00,1.0568,0.1
2025-05-29 16:00:00,1.0512,-0.53
2025-06-02 16:00:00,1.0479,-0.31
2025-06-03 16:00:00,1.0465,-0.13
2025-06-04 16:00:00,1.045,-0.14
2025-06-05 16:00:00,1.0476,0.25
2025-06-08 16:00:00,1.0489,0.12
2025-06-09 16:00:00,1.0476,-0.12
2025-06-10 16:00:00,1.0478,0.02
2025-06-11 16:00:00,1.0444,-0.32
2025-06-12 16:00:00,1.0497,0.51
2025-06-15 16:00:00,1.049,-0.07
2025-06-16 16:00:00,1.0566,0.72
2025-06-17 16:00:00,1.0577,0.1
2025-06-18 16:00:00,1.0456,-1.14
2025-06-19 16:00:00,1.0402,-0.52
2025-06-22 16:00:00,1.0386,-0.15
2025-06-23 16:00:00,1.0434,0.46
2025-06-24 16:00:00,1.0533,0.95
2025-06-25 16:00:00,1.0523,-0.09
2025-06-26 16:00:00,1.0451,-0.68
2025-06-29 16:00:00,1.0491,0.38
2025-06-30 16:00:00,1.0599,1.03
2025-07-01 16:00:00,1.0595,-0.04
2025-07-02 16:00:00,1.0591,-0.04
2025-07-03 16:00:00,1.0658,0.63
2025-07-06 16:00:00,1.0836,1.67
2025-07-07 16:00:00,1.0794,-0.39
2025-07-08 16:00:00,1.0795,0.01
2025-07-09 16:00:00,1.0766,-0.27
2025-07-10 16:00:00,1.0761,-0.05
2025-07-13 16:00:00,1.0851,0.84
2025-07-14 16:00:00,1.0686,-1.52
2025-07-15 16:00:00,1.0652,-0.32
2025-07-16 16:00:00,1.0637,-0.14
2025-07-17 16:00:00,1.0691,0.51
2025-07-20 16:00:00,1.0809,1.1
2025-07-21 16:00:00,1.0907,0.91
2025-07-22 16:00:00,1.0821,-0.79
2025-07-23 16:00:00,1.0837,0.15
2025-07-24 16:00:00,1.0756,-0.75
2025-07-27 16:00:00,1.0731,-0.23
2025-07-28 16:00:00,1.072,-0.1
2025-07-29 16:00:00,1.0759,0.36
2025-07-30 16:00:00,1.0571,-1.75
2025-07-31 16:00:00,1.0564,-0.07
2025-08-03 16:00:00,1.0578,0.13
2025-08-04 16:00:00,1.061,0.3
2025-08-05 16:00:00,1.0614,0.04
2025-08-06 16:00:00,1.0609,-0.05
2025-08-07 16:00:00,1.0675,0.62
2025-08-10 16:00:00,1.0638,-0.35
2025-08-11 16:00:00,1.063,-0.08
2025-08-12 16:00:00,1.0616,-0.13
2025-08-13 16:00:00,1.0563,-0.5
2025-08-14 16:00:00,1.0618,0.52
2025-08-17 16:00:00,1.0688,0.66
2025-08-18 16:00:00,1.0709,0.2
2025-08-19 16:00:00,1.0727,0.17
2025-08-20 16:00:00,1.0813,0.8
2025-08-21 16:00:00,1.0837,0.22
2025-08-24 16:00:00,1.0955,1.09
2025-08-25 16:00:00,1.0936,-0.17
2025-08-26 16:00:00,1.0822,-1.04
2025-08-27 16:00:00,1.0826,0.04
2025-08-28 16:00:00,1.0785,-0.38
2025-08-31 16:00:00,1.0819,0.32
2025-09-01 16:00:00,1.0932,1.04
2025-09-02 16:00:00,1.0835,-0.89
2025-09-03 16:00:00,1.0845,0.09
2025-09-04 16:00:00,1.1009,1.51
2025-09-07 16:00:00,1.1161,1.38
2025-09-08 16:00:00,1.1121,-0.36
2025-09-09 16:00:00,1.1037,-0.76
2025-09-10 16:00:00,1.1137,0.91
2025-09-11 16:00:00,1.1084,-0.48
2025-09-14 16:00:00,1.1052,-0.29
2025-09-15 16:00:00,1.0987,-0.59
2025-09-16 16:00:00,1.1052,0.59
2025-09-17 16:00:00,1.0889,-1.47
2025-09-18 16:00:00,1.0823,-0.61
2025-09-21 16:00:00,1.0768,-0.51
2025-09-22 16:00:00,1.0788,0.19
2025-09-23 16:00:00,1.0819,0.29
2025-09-24 16:00:00,1.0782,-0.34
2025-09-25 16:00:00,1.0852,0.65
2025-09-28 16:00:00,1.0882,0.28
2025-09-29 16:00:00,1.0893,0.1
2025-10-08 16:00:00,1.1212,2.93
2025-10-09 16:00:00,1.126,0.43
2025-10-12 16:00:00,1.1213,-0.42
2025-10-13 16:00:00,1.1218,0.04
2025-10-14 16:00:00,1.1274,0.5
2025-10-15 16:00:00,1.1262,-0.11
2025-10-16 16:00:00,1.1109,-1.36
2025-10-19 16:00:00,1.1092,-0.15
2025-10-20 16:00:00,1.1173,0.73
2025-10-21 16:00:00,1.1139,-0.3
2025-10-22 16:00:00,1.123,0.82
2025-10-23 16:00:00,1.1224,-0.05
2025-10-26 16:00:00,1.139,1.48
2025-10-27 16:00:00,1.1342,-0.42
2025-10-28 16:00:00,1.151,1.48
2025-10-29 16:00:00,1.1544,0.3
2025-10-30 16:00:00,1.1362,-1.58
2025-11-02 16:00:00,1.1427,0.57
2025-11-03 16:00:00,1.1435,0.07
2025-11-04 16:00:00,1.1527,0.8
2025-11-05 16:00:00,1.1621,0.82
2025-11-06 16:00:00,1.164,0.16
2025-11-09 16:00:00,1.1651,0.09
2025-11-10 16:00:00,1.1645,-0.05
2025-11-11 16:00:00,1.1588,-0.49
2025-11-12 16:00:00,1.1537,-0.44
2025-11-13 16:00:00,1.1431,-0.92
2025-11-16 16:00:00,1.1358,-0.64
2025-11-17 16:00:00,1.1214,-1.27
2025-11-18 16:00:00,1.1215,0.01
2025-11-19 16:00:00,1.1185,-0.27
2025-11-20 16:00:00,1.0938,-2.21
2025-11-23 16:00:00,1.0905,-0.3
2025-11-24 16:00:00,1.0951,0.42
2025-11-25 16:00:00,1.0932,-0.17
2025-11-26 16:00:00,1.0953,0.19
2025-11-27 16:00:00,1.0978,0.23
2025-11-30 16:00:00,1.0991,0.12
2025-12-01 16:00:00,1.096,-0.28
2025-12-02 16:00:00,1.0969,0.08
2025-12-03 16:00:00,1.0941,-0.26
2025-12-04 16:00:00,1.0959,0.16
2025-12-07 16:00:00,1.0923,-0.33
2025-12-08 16:00:00,1.0894,-0.27
2025-12-09 16:00:00,1.0908,0.13
2025-12-10 16:00:00,1.085,-0.53
2025-12-11 16:00:00,1.0952,0.94
2025-12-14 16:00:00,1.0941,-0.1
2025-12-15 16:00:00,1.0832,-1.0
2025-12-16 16:00:00,1.0858,0.24
2025-12-17 16:00:00,1.0854,-0.04
2025-12-18 16:00:00,1.0894,0.37
2025-12-21 16:00:00,1.0874,-0.18
2025-12-22 16:00:00,1.0853,-0.19
2025-12-23 16:00:00,1.0899,0.42
2025-12-24 16:00:00,1.0911,0.11
2025-12-25 16:00:00,1.0966,0.5
2025-12-28 16:00:00,1.0825,-1.29
2025-12-29 16:00:00,1.0735,-0.83
2025-12-30 16:00:00,1.07,-0.33
2026-01-04 16:00:00,1.0781,0.76
2026-01-05 16:00:00,1.0877,0.89
2026-01-06 16:00:00,1.0898,0.19
2026-01-07 16:00:00,1.0945,0.43
2026-01-08 16:00:00,1.0962,0.16
2026-01-11 16:00:00,1.1043,0.74
2026-01-12 16:00:00,1.1041,-0.02
2026-01-13 16:00:00,1.1044,0.03
2026-01-14 16:00:00,1.1032,-0.11
2026-01-15 16:00:00,1.1013,-0.17
2026-01-18 16:00:00,1.1129,1.05
2026-01-19 16:00:00,1.1211,0.74
2026-01-20 16:00:00,1.1132,-0.7
2026-01-21 16:00:00,1.113,-0.02
2026-01-22 16:00:00,1.1203,0.66
2026-01-25 16:00:00,1.1154,-0.44
2026-01-26 16:00:00,1.1059,-0.85
2026-01-27 16:00:00,1.1009,-0.45
2026-01-28 16:00:00,1.0984,-0.23
2026-01-29 16:00:00,1.0941,-0.39
2026-02-01 16:00:00,1.0845,-0.88
2026-02-02 16:00:00,1.0938,0.86
2026-02-03 16:00:00,1.1105,1.53
2026-02-04 16:00:00,1.096,-1.31
2026-02-05 16:00:00,1.0996,0.33
2026-02-08 16:00:00,1.1078,0.75
2026-02-09 16:00:00,1.098,-0.88
2026-02-10 16:00:00,1.0977,-0.03
2026-02-11 16:00:00,1.1048,0.65
2026-02-12 16:00:00,1.0888,-1.45
2026-02-23 16:00:00,1.1108,2.02
2026-02-24 16:00:00,1.1161,0.48
2026-02-25 16:00:00,1.1288,1.14
2026-02-26 16:00:00,1.1527,2.12
2026-03-01 16:00:00,1.1622,0.82
2026-03-02 16:00:00,1.1572,-0.43
2026-03-03 16:00:00,1.1666,-0.47
2026-03-04 16:00:00,1.1840,-0.29
